,Formula,composition,Spacegroup,Formation Energy (eV),E Above Hull (eV),Band Gap (eV),Has Bandstructure,Volume,Nsites,Theoretical,Count,Density (gm/cc),Crystal System
mp-1056,Tb2O3,"{'Tb': 2.0, 'O': 3.0}",Ia3,-4.007,0,3.901,TRUE,620.129,40,FALSE,2276,7.837,cubic
mp-560190,Mo8O23,"{'Mo': 8.0, 'O': 23.0}",P2/c,-2.044,0,1.038,FALSE,1858.315,124,TRUE,,4.059,monoclinic
mp-753746,Rb2O,"{'Rb': 2.0, 'O': 1.0}",R3m,-1.12,0,0.458,TRUE,96.208,3,TRUE,,3.226,trigonal
mp-1605,Ag3O4,"{'Ag': 3.0, 'O': 4.0}",P21/c,-0.424,0,0,TRUE,196.383,14,FALSE,,6.555,monoclinic
mp-1959,PuO2,"{'Pu': 1.0, 'O': 2.0}",Fm3m,-3.628,0,0,TRUE,39.034,3,FALSE,,11.741,cubic
mp-2352,Na2O,"{'Na': 2.0, 'O': 1.0}",Fm3m,-1.439,0,1.873,TRUE,43.789,3,FALSE,,2.35,cubic
mp-27253,Au2O3,"{'Au': 2.0, 'O': 3.0}",Fdd2,-0.471,0,0.82,FALSE,141.033,10,FALSE,,10.407,orthorhombic
mp-1071163,TiO,"{'Ti': 1.0, 'O': 1.0}",P62m,-2.924,0,0,FALSE,62.86,6,FALSE,,5.061,hexagonal
mp-31050,Cl2O7,"{'Cl': 2.0, 'O': 7.0}",C2/c,-0.452,0,3.654,TRUE,298.691,18,FALSE,,2.034,monoclinic
mp-1224,HgO,"{'Hg': 1.0, 'O': 1.0}",Pnma,-0.65,0,1.191,TRUE,146.067,8,FALSE,,9.849,orthorhombic
mp-19009,NiO,"{'Ni': 1.0, 'O': 1.0}",Fm3m,-0.937,0,2.323,TRUE,37.157,4,FALSE,,6.676,cubic
mp-27561,Rb9O2,"{'Rb': 9.0, 'O': 2.0}",P21/m,-0.634,0,0,FALSE,1350.847,22,FALSE,,1.97,monoclinic
mp-505619,Ce11O20,"{'Ce': 11.0, 'O': 20.0}",P1,-3.96,0,0.001,FALSE,461.797,31,FALSE,,6.693,triclinic
mp-11107,Ac2O3,"{'Ac': 2.0, 'O': 3.0}",P3m1,-3.756,0,3.523,TRUE,92.882,5,FALSE,,8.975,trigonal
mp-353,Ag2O,"{'Ag': 2.0, 'O': 1.0}",Pn3m,-0.334,0,0,TRUE,113.439,6,FALSE,,6.784,cubic
mp-33137,TcO2,"{'Tc': 1.0, 'O': 2.0}",P21/c,-1.904,0,0,TRUE,131.026,12,FALSE,,6.59,monoclinic
mp-1705,Sb2O5,"{'Sb': 2.0, 'O': 5.0}",C2/c,-1.771,0,0.814,FALSE,168.781,14,FALSE,,6.366,monoclinic
mp-907,W18O49,"{'W': 18.0, 'O': 49.0}",P2/m,-2.156,0,0,FALSE,943.284,67,FALSE,,7.205,monoclinic
mp-726,SeO2,"{'Se': 1.0, 'O': 2.0}",P42/mbc,-1.172,0,3.279,TRUE,394.989,24,FALSE,,3.732,tetragonal
mp-2125,TeO2,"{'Te': 1.0, 'O': 2.0}",Pbca,-1.514,0,2.228,TRUE,395.352,24,FALSE,,5.363,orthorhombic
mp-841,Li2O2,"{'Li': 2.0, 'O': 2.0}",P63/mmc,-1.654,0,1.975,TRUE,67.441,8,FALSE,,2.259,hexagonal
mp-637224,Pu2O3,"{'Pu': 2.0, 'O': 3.0}",Ia3,-3.456,0,0,TRUE,647.561,40,FALSE,,10.996,cubic
mp-19372,WO2,"{'W': 1.0, 'O': 2.0}",P42/mnm,-2.033,0,1.248,TRUE,149.314,12,FALSE,,9.601,tetragonal
mp-2542,BeO,"{'Be': 1.0, 'O': 1.0}",P63mc,-3.125,0,7.46,TRUE,28.01,4,FALSE,,2.966,hexagonal
mp-1105,BaO2,"{'Ba': 1.0, 'O': 2.0}",I4/mmm,-2.173,0,2.238,TRUE,52.147,3,FALSE,,5.392,tetragonal
mp-1235059,LiO8,"{'Li': 1.0, 'O': 8.0}",Cm,-0.423,0,0,FALSE,102.063,9,TRUE,,2.195,monoclinic
mp-16705,Pr2O3,"{'Pr': 2.0, 'O': 3.0}",Ia3,-3.755,0,3.659,TRUE,719.481,40,FALSE,,6.09,cubic
mp-7988,Cs2O,"{'Cs': 2.0, 'O': 1.0}",R3m,-1.199,0,0.591,TRUE,115.603,3,FALSE,,4.048,trigonal
mp-21394,EuO,"{'Eu': 1.0, 'O': 1.0}",Fm3m,-3.14,0,0,TRUE,32.835,2,FALSE,,8.494,cubic
mp-23207,ClO2,"{'Cl': 1.0, 'O': 2.0}",Pbca,-0.567,0,0.964,TRUE,439.204,24,FALSE,,2.04,orthorhombic
mp-554791,RuO4,"{'Ru': 1.0, 'O': 4.0}",P43n,-1.209,0,2.425,TRUE,750.749,40,FALSE,,2.921,cubic
mp-1215377,Zr4O,"{'Zr': 4.0, 'O': 1.0}",R3,-1.248,0,0,FALSE,289.918,15,TRUE,,6.545,trigonal
mp-1147,Ti3O5,"{'Ti': 3.0, 'O': 5.0}",C2/m,-3.403,0,0,FALSE,177.368,16,FALSE,,4.187,monoclinic
mp-21579,V2O3,"{'V': 2.0, 'O': 3.0}",Ia3,-2.538,0,0,TRUE,438.791,40,FALSE,,4.538,cubic
mp-19395,MnO2,"{'Mn': 1.0, 'O': 2.0}",I4/m,-1.814,0,1.073,TRUE,142.537,12,FALSE,,4.051,tetragonal
mp-1018886,PdO2,"{'Pd': 1.0, 'O': 2.0}",P42/mnm,-0.746,0,0,TRUE,67.77,6,FALSE,,6.783,tetragonal
mp-2345,Dy2O3,"{'Dy': 2.0, 'O': 3.0}",Ia3,-4.031,0,3.925,TRUE,608.405,40,FALSE,,8.144,cubic
mp-375,UO3,"{'U': 1.0, 'O': 3.0}",Pm3m,-3.635,0,1.638,TRUE,72.241,4,FALSE,,6.575,cubic
mp-1182716,Eu3O4,"{'Eu': 3.0, 'O': 4.0}",Pnma,-3.235,0,0,FALSE,434.609,28,FALSE,,7.945,orthorhombic
mp-216,Sc2O3,"{'Sc': 2.0, 'O': 3.0}",Ia3,-3.989,0,3.824,TRUE,487.225,40,FALSE,,3.76,cubic
mp-19006,MnO,"{'Mn': 1.0, 'O': 1.0}",Fm3m,-2.004,0,1.955,FALSE,45.387,4,FALSE,,5.191,cubic
mp-1581,As2O3,"{'As': 2.0, 'O': 3.0}",P21/c,-1.649,0,3.619,TRUE,378.968,20,FALSE,,3.468,monoclinic
mp-886,Ga2O3,"{'Ga': 2.0, 'O': 3.0}",C2/m,-2.288,0,2.008,TRUE,109.593,10,FALSE,,5.68,monoclinic
mp-361,Cu2O,"{'Cu': 2.0, 'O': 1.0}",Pn3m,-0.651,0,0.5,TRUE,79.014,6,FALSE,,6.014,cubic
mp-504886,Gd2O3,"{'Gd': 2.0, 'O': 3.0}",Ia3,-3.913,0,2.886,FALSE,641.464,40,FALSE,,7.507,cubic
mp-2697,SrO2,"{'Sr': 1.0, 'O': 2.0}",I4/mmm,-2.211,0,2.859,TRUE,43.565,3,FALSE,,4.559,tetragonal
mp-27684,Tl4O3,"{'Tl': 4.0, 'O': 3.0}",P21/m,-0.949,0,0.97,TRUE,302.309,14,FALSE,,9.508,monoclinic
mp-19306,Fe3O4,"{'Fe': 3.0, 'O': 4.0}",Fd3m,-1.844,0,0,TRUE,155.341,14,FALSE,,4.95,cubic
mp-2136,Sb2O3,"{'Sb': 2.0, 'O': 3.0}",Pccn,-1.771,0,2.224,TRUE,361.532,20,FALSE,,5.356,orthorhombic
mp-1767,Tm2O3,"{'Tm': 2.0, 'O': 3.0}",Ia3,-4.112,0,3.98,TRUE,574.741,40,FALSE,,8.919,cubic
mp-458,Ti2O3,"{'Ti': 2.0, 'O': 3.0}",R3c,-3.323,0,0,TRUE,105.781,10,FALSE,,4.513,trigonal
mp-31049,NdO2,"{'Nd': 1.0, 'O': 2.0}",C2/m,-3.17,0,3.405,TRUE,88.876,6,FALSE,,6.586,monoclinic
mp-554278,TiO2,"{'Ti': 1.0, 'O': 2.0}",C2/m,-3.523,0,2.679,TRUE,146.706,12,FALSE,,3.616,monoclinic
mp-1201852,Nb2O5,"{'Nb': 2.0, 'O': 5.0}",C2/m,-3.094,0,1.923,FALSE,822.982,56,FALSE,,4.291,monoclinic
mp-1597,UO2,"{'U': 1.0, 'O': 2.0}",Fm3m,-3.781,0,0,TRUE,318.5,24,FALSE,,11.263,cubic
mp-554714,Np2O5,"{'Np': 2.0, 'O': 5.0}",C2/c,-3.453,0,0,FALSE,448.385,28,TRUE,,8.207,monoclinic
mp-643,ThO2,"{'Th': 1.0, 'O': 2.0}",Fm3m,-4.392,0,4.425,TRUE,44.368,3,FALSE,,9.882,cubic
mp-771359,Cu2O3,"{'Cu': 2.0, 'O': 3.0}",Ia3,-0.847,0,0,TRUE,407.415,40,TRUE,,5.709,cubic
mp-25279,V2O5,"{'V': 2.0, 'O': 5.0}",Pmmn,-2.306,0,2.163,TRUE,191.487,14,FALSE,,3.154,orthorhombic
mp-308,U3O8,"{'U': 3.0, 'O': 8.0}",P62m,-3.725,0,0.009,TRUE,168.53,11,FALSE,,8.297,hexagonal
mp-2672,K2O2,"{'K': 2.0, 'O': 2.0}",Cmce,-1.299,0,2.348,TRUE,158.281,8,FALSE,,2.312,orthorhombic
mp-1182469,Eu2O3,"{'Eu': 2.0, 'O': 3.0}",Ia3,-3.186,0,0,FALSE,661.79,40,FALSE,,7.064,cubic
mp-557057,NbO2,"{'Nb': 1.0, 'O': 2.0}",I41/a,-2.917,0,0.173,TRUE,292.371,24,FALSE,,5.675,tetragonal
mp-1346,B6O,"{'B': 6.0, 'O': 1.0}",R3m,-0.81,0,1.931,TRUE,103.449,14,FALSE,,2.596,trigonal
mp-2364,PaO2,"{'Pa': 1.0, 'O': 2.0}",Fm3m,-4.059,0,0,TRUE,40.639,3,FALSE,,10.748,cubic
mp-555434,As2O5,"{'As': 2.0, 'O': 5.0}",P41212,-1.584,0,1.344,FALSE,361.983,28,FALSE,,4.217,tetragonal
mp-1215,Ti2O,"{'Ti': 2.0, 'O': 1.0}",P3m1,-2.046,0,0,TRUE,37.012,3,FALSE,,5.013,trigonal
mp-19399,Cr2O3,"{'Cr': 2.0, 'O': 3.0}",R3c,-2.349,0,2.434,TRUE,101.676,10,FALSE,,4.965,trigonal
mp-561418,Zr3O,"{'Zr': 3.0, 'O': 1.0}",R32,-1.554,0,0,TRUE,291.562,16,FALSE,,6.599,trigonal
mp-27726,SO2,"{'S': 1.0, 'O': 2.0}",Aea2,-1.762,0,2.844,TRUE,123.037,6,FALSE,,1.729,orthorhombic
mp-1016092,Re2O7,"{'Re': 2.0, 'O': 7.0}",P212121,-2.053,0,2.675,TRUE,1102.344,72,FALSE,,5.838,orthorhombic
mp-2591,Ti3O,"{'Ti': 3.0, 'O': 1.0}",P31c,-1.578,0,0,TRUE,219.032,16,FALSE,,4.84,trigonal
mp-825,RuO2,"{'Ru': 1.0, 'O': 2.0}",P42/mnm,-1.478,0,0,TRUE,64.818,6,FALSE,,6.818,tetragonal
mp-2616,NpO2,"{'Np': 1.0, 'O': 2.0}",Fm3m,-3.612,0,0,TRUE,39.25,3,FALSE,,11.381,cubic
mp-2723,IrO2,"{'Ir': 1.0, 'O': 2.0}",P42/mnm,-1.265,0,0,TRUE,65.884,6,FALSE,,11.302,tetragonal
mp-22633,Pb3O4,"{'Pb': 3.0, 'O': 4.0}",P42/mbc,-1.471,0,1.137,FALSE,556.846,28,FALSE,,8.178,tetragonal
mp-996,OsO2,"{'Os': 1.0, 'O': 2.0}",P42/mnm,-1.367,0,0,TRUE,65.81,6,FALSE,,11.215,tetragonal
mp-1132,CdO,"{'Cd': 1.0, 'O': 1.0}",Fm3m,-1.386,0,0,TRUE,27.367,2,FALSE,,7.791,cubic
mp-22408,CoO,"{'Co': 1.0, 'O': 1.0}",F43m,-1.333,0,0.588,TRUE,48.452,4,FALSE,,5.136,cubic
mp-510536,MoO2,"{'Mo': 1.0, 'O': 2.0}",P42/mnm,-2.142,0,0,TRUE,146.454,12,FALSE,,5.802,tetragonal
mp-12105,RbO2,"{'Rb': 1.0, 'O': 2.0}",I4/mmm,-0.956,0,0,TRUE,62.039,3,FALSE,,3.144,tetragonal
mp-1221446,N2O,"{'N': 2.0, 'O': 1.0}",P213,-0.449,0,6.213,FALSE,216.63,12,TRUE,,1.349,cubic
mp-27358,Se2O5,"{'Se': 2.0, 'O': 5.0}",P21/c,-1.04,0,2.887,TRUE,484.005,28,FALSE,,3.265,monoclinic
mp-1336,PdO,"{'Pd': 1.0, 'O': 1.0}",P42/mmc,-0.803,0,0,TRUE,52.365,4,FALSE,,7.764,tetragonal
mp-673643,Ce17O32,"{'Ce': 17.0, 'O': 32.0}",P1,-3.958,0,0,FALSE,709.113,49,TRUE,,6.777,triclinic
mp-18759,Mn3O4,"{'Mn': 3.0, 'O': 4.0}",I41/amd,-2.067,0,0.698,TRUE,165.455,14,FALSE,,4.593,tetragonal
mp-1901,NaO2,"{'Na': 1.0, 'O': 2.0}",Pnnm,-0.903,0,0,TRUE,83.383,6,FALSE,,2.19,orthorhombic
mp-28933,Br2O3,"{'Br': 2.0, 'O': 3.0}",P21/c,-0.213,0,1.757,TRUE,881.186,40,FALSE,,3.133,monoclinic
mp-510262,Cs3O,"{'Cs': 3.0, 'O': 1.0}",P63/mcm,-0.937,0,0,TRUE,504.775,8,FALSE,,2.729,hexagonal
mp-2097,SnO,"{'Sn': 1.0, 'O': 1.0}",P4/nmm,-1.648,0,0.409,TRUE,75.285,4,FALSE,,5.942,tetragonal
mp-2133,ZnO,"{'Zn': 1.0, 'O': 1.0}",P63mc,-1.801,0,0.732,TRUE,49.719,4,FALSE,,5.438,hexagonal
mp-7896,Cs2O2,"{'Cs': 2.0, 'O': 2.0}",Immm,-1.234,0,1.662,TRUE,110.465,4,FALSE,,4.477,orthorhombic
mp-553921,Pm2O3,"{'Pm': 2.0, 'O': 3.0}",Ia3,-3.858,0,3.767,TRUE,679.159,40,FALSE,,6.611,cubic
mp-7895,Rb2O2,"{'Rb': 2.0, 'O': 2.0}",Immm,-1.218,0,1.76,TRUE,93.175,4,FALSE,,3.617,orthorhombic
mp-1143,Al2O3,"{'Al': 2.0, 'O': 3.0}",R3c,-3.446,0,5.854,TRUE,87.42,10,FALSE,,3.873,trigonal
mp-2629,Ce7O12,"{'Ce': 7.0, 'O': 12.0}",R3,-3.932,0,0,TRUE,298.021,19,FALSE,,6.535,trigonal
mp-812,Ho2O3,"{'Ho': 2.0, 'O': 3.0}",Ia3,-4.056,0,3.95,TRUE,597.294,40,FALSE,,8.404,cubic
mp-978114,Sn5O6,"{'Sn': 5.0, 'O': 6.0}",P21/c,-1.781,0,1.764,TRUE,402.004,22,TRUE,,5.697,monoclinic
mp-1604,Pt3O4,"{'Pt': 3.0, 'O': 4.0}",Pm3n,-0.849,0,0,TRUE,181.868,14,FALSE,,11.856,cubic
mp-23261,I2O5,"{'I': 2.0, 'O': 5.0}",P21/c,-0.776,0,2.666,TRUE,470.006,28,FALSE,,4.717,monoclinic
mp-861975,PaO3,"{'Pa': 1.0, 'O': 3.0}",I4/mmm,-3.117,0,0,TRUE,41.852,4,TRUE,,11.071,tetragonal
mp-554098,Ti6O,"{'Ti': 6.0, 'O': 1.0}",P31c,-0.92,0,0,TRUE,215.105,14,FALSE,,4.681,trigonal
mp-1960,Li2O,"{'Li': 2.0, 'O': 1.0}",Fm3m,-2.074,0,4.917,TRUE,25.196,3,FALSE,,1.969,cubic
mp-1178232,FeO,"{'Fe': 1.0, 'O': 1.0}",C2/m,-1.682,0,1.27,FALSE,42.715,4,TRUE,,5.586,monoclinic
mp-697111,H2O,"{'H': 2.0, 'O': 1.0}",Cmc21,-1.393,0,5.518,TRUE,124.894,12,FALSE,,0.958,orthorhombic
mp-2605,CaO,"{'Ca': 1.0, 'O': 1.0}",Fm3m,-3.325,0,3.645,TRUE,28.332,2,FALSE,,3.287,cubic
mp-551470,Tl2O,"{'Tl': 2.0, 'O': 1.0}",C2/m,-0.826,0,0.516,FALSE,148.361,6,FALSE,,9.508,monoclinic
mp-2652,Y2O3,"{'Y': 2.0, 'O': 3.0}",Ia3,-3.99,0,4.056,TRUE,613.19,40,FALSE,,4.892,cubic
mp-622640,V3O7,"{'V': 3.0, 'O': 7.0}",C2/c,-2.379,0,0.996,TRUE,772.501,60,FALSE,,3.415,monoclinic
mp-1441,CsO2,"{'Cs': 1.0, 'O': 2.0}",I4/mmm,-0.975,0,0,TRUE,73.369,3,FALSE,,3.732,tetragonal
mp-1692,CuO,"{'Cu': 1.0, 'O': 1.0}",P42/mmc,-0.955,0,0,TRUE,44.541,4,FALSE,,5.931,tetragonal
mp-2292,La2O3,"{'La': 2.0, 'O': 3.0}",Ia3,-3.898,0,3.532,TRUE,741.134,40,FALSE,,5.84,cubic
mp-352,HfO2,"{'Hf': 1.0, 'O': 2.0}",P21/c,-4.044,0,4.016,TRUE,140.262,12,FALSE,,9.968,monoclinic
mp-1265,MgO,"{'Mg': 1.0, 'O': 1.0}",Fm3m,-3.069,0,4.445,TRUE,19.279,2,FALSE,,3.471,cubic
mp-218,Sm2O3,"{'Sm': 2.0, 'O': 3.0}",Ia3,-3.883,0,3.782,TRUE,665.418,40,FALSE,,6.962,cubic
mp-22598,In2O3,"{'In': 2.0, 'O': 3.0}",Ia3,-2.018,0,0.933,TRUE,546.34,40,FALSE,,6.751,cubic
mp-1285,PtO2,"{'Pt': 1.0, 'O': 2.0}",Pnnm,-0.945,0,0.604,TRUE,67.038,6,FALSE,,11.25,orthorhombic
mp-30303,Bi4O7,"{'Bi': 4.0, 'O': 7.0}",P1,-1.587,0,0.89,TRUE,353.395,22,FALSE,,8.908,triclinic
mp-733,GeO2,"{'Ge': 1.0, 'O': 2.0}",P3121,-2.099,0,3.251,FALSE,129.145,9,FALSE,,4.036,trigonal
mp-12177,Te2O5,"{'Te': 2.0, 'O': 5.0}",P21,-1.439,0,1.67,TRUE,210.355,14,FALSE,,5.292,monoclinic
mp-22869,ClO3,"{'Cl': 1.0, 'O': 3.0}",Cc,-0.507,0,1.363,TRUE,261.333,16,FALSE,,2.121,monoclinic
mp-1101301,TeO3,"{'Te': 1.0, 'O': 3.0}",C2/m,-1.364,0,2.149,FALSE,247.143,16,TRUE,,4.719,monoclinic
mp-1342,BaO,"{'Ba': 1.0, 'O': 1.0}",Fm3m,-2.838,0,2.091,TRUE,44.255,2,FALSE,,5.753,cubic
mp-20633,PbO2,"{'Pb': 1.0, 'O': 2.0}",Pbcn,-1.318,0,0,TRUE,172.793,12,FALSE,,9.195,orthorhombic
mp-2452,P2O5,"{'P': 2.0, 'O': 5.0}",Fdd2,-2.461,0,5.347,FALSE,187.953,14,FALSE,,2.508,orthorhombic
mp-1097041,IrO3,"{'Ir': 1.0, 'O': 3.0}",Cmcm,-1.001,0,0,FALSE,382.062,32,TRUE,,8.352,orthorhombic
mp-1102963,VO2,"{'V': 1.0, 'O': 2.0}",P21/c,-2.49,0,0.916,FALSE,123.377,12,FALSE,,4.465,monoclinic
mp-1658,Tl2O3,"{'Tl': 2.0, 'O': 3.0}",Ia3,-1.122,0,0,TRUE,624.385,40,FALSE,,9.718,cubic
mp-306,B2O3,"{'B': 2.0, 'O': 3.0}",P3121,-2.816,0,6.306,TRUE,144.608,15,FALSE,,2.398,trigonal
mp-1427,Lu2O3,"{'Lu': 2.0, 'O': 3.0}",Ia3,-4.143,0,4.023,TRUE,556.732,40,FALSE,,9.495,cubic
mp-20066,CO2,"{'C': 1.0, 'O': 2.0}",Pa3,-1.788,0,6.633,TRUE,195.384,12,FALSE,,1.496,cubic
mp-622497,V3O5,"{'V': 3.0, 'O': 5.0}",P2/c,-2.524,0,0.952,TRUE,347.978,32,FALSE,,4.444,monoclinic
mp-1204579,NO3,"{'N': 1.0, 'O': 3.0}",P21/c,-0.677,0,0.895,FALSE,1049.44,64,FALSE,,1.57,monoclinic
mp-540783,OsO4,"{'Os': 1.0, 'O': 4.0}",C2/c,-1.553,0,3.346,FALSE,187.246,10,FALSE,,4.509,monoclinic
mp-773920,Cr5O12,"{'Cr': 5.0, 'O': 12.0}",Pbcn,-1.852,0,1.795,FALSE,1020.375,68,TRUE,,2.942,orthorhombic
mp-656887,Ni3O4,"{'Ni': 3.0, 'O': 4.0}",Cmmm,-0.805,0,0.395,TRUE,71.869,7,TRUE,,5.547,orthorhombic
mp-725,RhO2,"{'Rh': 1.0, 'O': 2.0}",P42/mnm,-1.243,0,0,TRUE,65.058,6,FALSE,,6.887,tetragonal
mp-2789,NO2,"{'N': 1.0, 'O': 2.0}",Im3,-0.829,0,2.813,TRUE,275.788,18,FALSE,,1.662,cubic
mp-1045,Nd2O3,"{'Nd': 2.0, 'O': 3.0}",Ia3,-3.803,0,3.708,TRUE,698.91,40,FALSE,,6.396,cubic
mp-2472,SrO,"{'Sr': 1.0, 'O': 1.0}",Fm3m,-3.097,0,3.287,TRUE,35.277,2,FALSE,,4.878,cubic
mp-2858,ZrO2,"{'Zr': 1.0, 'O': 2.0}",P21/c,-3.838,0,3.474,TRUE,147.11,12,FALSE,,5.564,monoclinic
mp-715572,Fe2O3,"{'Fe': 2.0, 'O': 3.0}",C2,-1.89,0,2.019,FALSE,429.688,40,TRUE,,4.937,monoclinic
mp-542313,Ce2O3,"{'Ce': 2.0, 'O': 3.0}",Ia3,-3.781,0,0,TRUE,684.856,40,FALSE,,6.367,cubic
mp-2340,Na2O2,"{'Na': 2.0, 'O': 2.0}",P62m,-1.303,0,1.755,TRUE,153.906,12,FALSE,,2.524,hexagonal
mp-1065190,AgO,"{'Ag': 1.0, 'O': 1.0}",C2/c,-0.46,0,0,FALSE,60.354,4,FALSE,,6.816,monoclinic
mp-20194,CeO2,"{'Ce': 1.0, 'O': 2.0}",Fm3m,-3.95,0,1.867,TRUE,40.86,3,FALSE,,6.995,cubic
mp-18748,Co3O4,"{'Co': 3.0, 'O': 4.0}",Fd3m,-1.421,0,0,TRUE,134.757,14,FALSE,,5.934,cubic
mp-1213798,Cr6O11,"{'Cr': 6.0, 'O': 11.0}",P1,-2.131,0,0,FALSE,349.639,34,TRUE,,4.635,triclinic
mp-23262,Bi2O3,"{'Bi': 2.0, 'O': 3.0}",P21/c,-1.658,0,2.177,TRUE,342.202,20,FALSE,,9.044,monoclinic
mp-546794,SiO2,"{'Si': 1.0, 'O': 2.0}",I42d,-3.289,0,5.703,FALSE,93.959,6,FALSE,,2.124,tetragonal
mp-1095223,OF2,"{'O': 1.0, 'F': 2.0}",Pnma,-0.484,0,2.041,FALSE,162.806,12,FALSE,,2.203,orthorhombic
mp-1216,YbO,"{'Yb': 1.0, 'O': 1.0}",Fm3m,-3.652,0,3.473,TRUE,26.777,2,FALSE,,11.723,cubic
mp-27485,Tc2O7,"{'Tc': 2.0, 'O': 7.0}",Pbca,-1.823,0,2.666,TRUE,657.362,36,FALSE,,3.112,orthorhombic
mp-2414,SO3,"{'S': 1.0, 'O': 3.0}",Pna21,-1.766,0,5.145,TRUE,808.699,48,FALSE,,1.973,orthorhombic
mp-19342,WO3,"{'W': 1.0, 'O': 3.0}",Pbcn,-2.189,0,1.333,TRUE,460.604,32,TRUE,,6.686,orthorhombic
mp-230,SbO2,"{'Sb': 1.0, 'O': 2.0}",Pna21,-1.859,0,1.887,TRUE,326.254,24,FALSE,,6.261,orthorhombic
mp-1866,KO2,"{'K': 1.0, 'O': 2.0}",I4/mmm,-0.981,0,0,TRUE,106.439,6,FALSE,,2.218,tetragonal
mp-27465,S8O,"{'S': 8.0, 'O': 1.0}",Pca21,-0.789,0,2.424,TRUE,1058.05,36,FALSE,,1.711,orthorhombic
mp-679,Er2O3,"{'Er': 2.0, 'O': 3.0}",Ia3,-4.078,0,3.964,TRUE,587.202,40,FALSE,,8.654,cubic
mp-32613,Ce5O9,"{'Ce': 5.0, 'O': 9.0}",P1,-3.957,0,0,FALSE,420.909,28,TRUE,,6.664,triclinic
mp-565203,Mn2O3,"{'Mn': 2.0, 'O': 3.0}",Pbca,-2.032,0,0.109,FALSE,888.444,80,FALSE,,4.721,orthorhombic
mp-18856,MoO3,"{'Mo': 1.0, 'O': 3.0}",P21/c,-2.029,0,1.372,TRUE,464.281,32,FALSE,,4.118,monoclinic
mp-856,SnO2,"{'Sn': 1.0, 'O': 2.0}",P42/mnm,-2.129,0,0.652,TRUE,75.734,6,FALSE,,6.609,tetragonal
mp-971,K2O,"{'K': 2.0, 'O': 1.0}",Fm3m,-1.259,0,1.711,TRUE,68.269,3,FALSE,,2.291,cubic
mp-29537,Cl2O,"{'Cl': 2.0, 'O': 1.0}",I41/amd,-0.389,0,1.055,TRUE,305.132,12,FALSE,,1.892,tetragonal
mp-557993,BiO2,"{'Bi': 1.0, 'O': 2.0}",C2/c,-1.478,0,1.024,TRUE,178.919,12,FALSE,,8.946,monoclinic
mp-672237,PbO,"{'Pb': 1.0, 'O': 1.0}",Pbcm,-1.491,0,1.539,FALSE,1407.512,64,TRUE,,8.426,orthorhombic
mp-10688,CeO,"{'Ce': 1.0, 'O': 1.0}",Fm3m,-3.246,0,0,TRUE,30.985,2,FALSE,,8.367,cubic
mp-547271,ReO3,"{'Re': 1.0, 'O': 3.0}",P4/mbm,-2.16,0,0,TRUE,109.103,8,FALSE,,7.129,tetragonal
mvc-14149,CoO2,"{'Co': 1.0, 'O': 2.0}",I4/m,-1.142,0,0.513,FALSE,129.643,12,TRUE,,4.659,tetragonal
mvc-4415,Ta2O5,"{'Ta': 2.0, 'O': 5.0}",Pmmn,-3.36,0,2.727,FALSE,199.098,14,TRUE,,7.371,orthorhombic
mp-619461,WO3,"{'W': 1.0, 'O': 3.0}",P21/c,-2.189,0,1.369,TRUE,459.765,32,FALSE,,6.699,monoclinic
mp-223,GeO2,"{'Ge': 1.0, 'O': 2.0}",P3221,-2.098,0,3.25,TRUE,128.914,9,FALSE,,4.044,trigonal
mp-19443,WO3,"{'W': 1.0, 'O': 3.0}",P4/nmm,-2.189,0,1.146,TRUE,115.669,8,FALSE,,6.657,tetragonal
mp-1064456,CuO,"{'Cu': 1.0, 'O': 1.0}",Cccm,-0.954,0,0,FALSE,44.432,4,FALSE,,5.946,orthorhombic
mp-21452,Pb3O4,"{'Pb': 3.0, 'O': 4.0}",Pbam,-1.47,0,1.162,TRUE,551.82,28,FALSE,,8.252,orthorhombic
mp-499,AgO,"{'Ag': 1.0, 'O': 1.0}",Cccm,-0.459,0,0,TRUE,60.624,4,FALSE,,6.786,orthorhombic
mp-27484,Tl2O,"{'Tl': 2.0, 'O': 1.0}",R3m,-0.826,0,0.571,TRUE,149.861,6,FALSE,,9.413,trigonal
mp-1788,As2O5,"{'As': 2.0, 'O': 5.0}",P212121,-1.584,0,1.403,TRUE,361.315,28,FALSE,,4.225,orthorhombic
mp-18773,WO3,"{'W': 1.0, 'O': 3.0}",P4/ncc,-2.189,0,1.332,FALSE,228.59,16,FALSE,,6.737,tetragonal
mp-19770,Fe2O3,"{'Fe': 2.0, 'O': 3.0}",R3c,-1.89,0,1.528,TRUE,105.43,10,FALSE,,5.03,trigonal
mp-14024,Zr3O,"{'Zr': 3.0, 'O': 1.0}",R3c,-1.553,0,0,FALSE,145.934,8,FALSE,,6.592,trigonal
mp-559122,WO3,"{'W': 1.0, 'O': 3.0}",P421m,-2.189,0,1.254,TRUE,231.407,16,FALSE,,6.655,tetragonal
mp-510417,WO3,"{'W': 1.0, 'O': 3.0}",Pbcn,-2.189,0,1.703,TRUE,461.419,32,TRUE,,6.675,orthorhombic
mp-1771,NO2,"{'N': 1.0, 'O': 2.0}",P21/c,-0.829,0,2.703,TRUE,185.006,12,FALSE,,1.652,monoclinic
mp-566278,WO3,"{'W': 1.0, 'O': 3.0}",Pbcm,-2.189,0.001,1.24,FALSE,231.808,16,FALSE,,6.643,orthorhombic
mp-714911,V3O5,"{'V': 3.0, 'O': 5.0}",Cc,-2.523,0.001,0.997,FALSE,348.268,32,TRUE,,4.44,monoclinic
mvc-6611,SnO2,"{'Sn': 1.0, 'O': 2.0}",Imma,-2.129,0.001,0.634,FALSE,151.491,12,TRUE,,6.608,orthorhombic
mp-7812,GeO2,"{'Ge': 1.0, 'O': 2.0}",P41212,-2.098,0.001,3.278,TRUE,188.708,12,FALSE,,3.683,tetragonal
mp-715550,MoO2,"{'Mo': 1.0, 'O': 2.0}",Pnnm,-2.142,0.001,0,FALSE,146.552,12,FALSE,,5.799,orthorhombic
mp-703459,H2O,"{'H': 2.0, 'O': 1.0}",P63cm,-1.392,0.001,5.529,TRUE,357.638,36,FALSE,,1.004,hexagonal
mp-551905,OsO4,"{'Os': 1.0, 'O': 4.0}",C2,-1.553,0.001,3.258,TRUE,96.174,5,FALSE,,4.389,monoclinic
mp-636284,WO3,"{'W': 1.0, 'O': 3.0}",Cmcm,-2.188,0.001,1.324,FALSE,231.901,16,TRUE,,6.64,orthorhombic
mp-545820,SnO,"{'Sn': 1.0, 'O': 1.0}",Cmce,-1.647,0.001,0.535,FALSE,153.188,8,FALSE,,5.841,orthorhombic
mp-776152,V2O5,"{'V': 2.0, 'O': 5.0}",Pnma,-2.305,0.001,1.795,TRUE,400.337,28,TRUE,,3.018,orthorhombic
mp-7826,HgO,"{'Hg': 1.0, 'O': 1.0}",P3121,-0.649,0.001,1.302,TRUE,109.442,6,FALSE,,9.859,trigonal
mp-556859,HgO,"{'Hg': 1.0, 'O': 1.0}",P21/m,-0.649,0.001,1.199,FALSE,289.588,16,FALSE,,9.936,monoclinic
mp-1172875,Mn2O3,"{'Mn': 2.0, 'O': 3.0}",Pbca,-2.031,0.001,0.071,FALSE,891.943,80,FALSE,,4.703,orthorhombic
mp-554573,SiO2,"{'Si': 1.0, 'O': 2.0}",Ama2,-3.288,0.001,5.615,FALSE,189.232,12,TRUE,,2.109,orthorhombic
mp-19921,PbO,"{'Pb': 1.0, 'O': 1.0}",P4/nmm,-1.489,0.001,1.525,TRUE,86.401,4,FALSE,,8.579,tetragonal
mp-715923,WO3,"{'W': 1.0, 'O': 3.0}",Pmma,-2.188,0.001,1.139,FALSE,230.442,16,TRUE,,6.682,orthorhombic
mp-19390,WO3,"{'W': 1.0, 'O': 3.0}",Pm3m,-2.188,0.002,1.127,FALSE,115.267,8,FALSE,,6.68,cubic
mp-1819,SbO2,"{'Sb': 1.0, 'O': 2.0}",C2/c,-1.857,0.002,2.022,TRUE,160.883,12,FALSE,,6.348,monoclinic
mp-1077107,HgO,"{'Hg': 1.0, 'O': 1.0}",P3221,-0.648,0.002,1.243,FALSE,108.221,6,FALSE,,9.97,trigonal
mp-560098,SbO2,"{'Sb': 1.0, 'O': 2.0}",Pnna,-1.857,0.002,1.905,FALSE,327.625,24,FALSE,,6.235,orthorhombic
mp-547094,RuO4,"{'Ru': 1.0, 'O': 4.0}",C2/c,-1.207,0.002,2.383,FALSE,183.74,10,FALSE,,2.984,monoclinic
mp-27127,Te4O9,"{'Te': 4.0, 'O': 9.0}",R3,-1.471,0.002,2.238,TRUE,394.921,26,TRUE,,5.503,trigonal
mp-560362,W8O21,"{'W': 8.0, 'O': 21.0}",Pbam,-2.14,0.002,0,FALSE,1558.968,116,FALSE,,7.698,orthorhombic
mp-19033,WO3,"{'W': 1.0, 'O': 3.0}",P21/c,-2.187,0.002,1.672,FALSE,222.629,16,FALSE,,6.917,monoclinic
mp-27356,AsO2,"{'As': 1.0, 'O': 2.0}",Pnma,-1.609,0.002,3.36,TRUE,359.222,24,FALSE,,3.954,orthorhombic
mp-684594,Ce16O27,"{'Ce': 16.0, 'O': 27.0}",P1,-3.912,0.002,0,FALSE,1362.031,86,TRUE,,6.52,triclinic
mp-550172,SnO2,"{'Sn': 1.0, 'O': 2.0}",Pnnm,-2.127,0.002,0.806,FALSE,75.517,6,FALSE,,6.628,orthorhombic
mp-706490,Mo9O26,"{'Mo': 9.0, 'O': 26.0}",C2/c,-2.04,0.002,0.643,FALSE,2090.4,140,FALSE,,4.065,monoclinic
mp-1172828,WO3,"{'W': 1.0, 'O': 3.0}",Pbcn,-2.187,0.002,1.465,FALSE,453.492,32,FALSE,,6.791,orthorhombic
mp-642328,U13O34,"{'U': 13.0, 'O': 34.0}",Amm2,-3.726,0.002,0,FALSE,731.598,47,FALSE,,8.258,orthorhombic
mp-553964,WO3,"{'W': 1.0, 'O': 3.0}",Pbcm,-2.187,0.002,1.337,FALSE,462.889,32,FALSE,,6.653,orthorhombic
mvc-15643,WO3,"{'W': 1.0, 'O': 3.0}",P212121,-2.186,0.003,1.897,FALSE,223.113,16,TRUE,,6.902,orthorhombic
mp-698,U3O8,"{'U': 3.0, 'O': 8.0}",Cmmm,-3.723,0.003,0,FALSE,169.342,11,FALSE,,8.257,orthorhombic
mp-190,ReO3,"{'Re': 1.0, 'O': 3.0}",Pm3m,-2.157,0.003,0,TRUE,54.578,4,FALSE,,7.126,cubic
mp-7228,ReO2,"{'Re': 1.0, 'O': 2.0}",Pbcn,-1.917,0.003,0,TRUE,128.949,12,FALSE,,11.24,orthorhombic
mp-776922,Rb2O,"{'Rb': 2.0, 'O': 1.0}",P3,-1.118,0.003,0.193,TRUE,312.816,9,TRUE,,2.977,trigonal
mp-559906,U3O8,"{'U': 3.0, 'O': 8.0}",Cmcm,-3.722,0.003,0.067,FALSE,675.833,44,FALSE,,8.276,orthorhombic
mp-715584,MoO3,"{'Mo': 1.0, 'O': 3.0}",Pc,-2.026,0.003,1.851,FALSE,225.639,16,TRUE,,4.237,monoclinic
mp-684627,Ce13O24,"{'Ce': 13.0, 'O': 24.0}",P1,-3.957,0.003,0,FALSE,543.124,37,TRUE,,6.743,triclinic
mp-562001,Cs11O3,"{'Cs': 11.0, 'O': 3.0}",P21/c,-0.8,0.003,0,TRUE,3991.751,56,FALSE,,2.513,monoclinic
mp-1066856,AgO,"{'Ag': 1.0, 'O': 1.0}",C2/c,-0.457,0.003,0,FALSE,60.462,4,FALSE,,6.804,monoclinic
mp-7029,SiO2,"{'Si': 1.0, 'O': 2.0}",P43212,-3.286,0.003,5.509,FALSE,183.245,12,TRUE,,2.178,tetragonal
mp-1394,Rb2O,"{'Rb': 2.0, 'O': 1.0}",Fm3m,-1.117,0.003,1.324,TRUE,81.315,3,FALSE,,3.817,cubic
mp-733790,SiO2,"{'Si': 1.0, 'O': 2.0}",P1,-3.286,0.003,5.587,TRUE,1110.077,72,FALSE,,2.157,triclinic
mp-640556,SiO2,"{'Si': 1.0, 'O': 2.0}",Cc,-3.286,0.003,5.571,FALSE,1107.284,72,FALSE,,2.163,monoclinic
mp-555235,SiO2,"{'Si': 1.0, 'O': 2.0}",Cc,-3.286,0.003,5.503,FALSE,192.255,12,FALSE,,2.076,monoclinic
mp-554089,SiO2,"{'Si': 1.0, 'O': 2.0}",Pna21,-3.286,0.003,5.66,TRUE,181.164,12,TRUE,,2.203,orthorhombic
mp-470,GeO2,"{'Ge': 1.0, 'O': 2.0}",P42/mnm,-2.095,0.004,1.231,TRUE,58.496,6,FALSE,,5.941,tetragonal
mp-561397,SO3,"{'S': 1.0, 'O': 3.0}",P21/c,-1.762,0.004,5.142,TRUE,247.977,16,FALSE,,2.145,monoclinic
mp-985590,SiO2,"{'Si': 1.0, 'O': 2.0}",Pnnm,-3.285,0.004,5.516,TRUE,389.024,24,TRUE,,2.052,orthorhombic
mp-27701,Mo9O26,"{'Mo': 9.0, 'O': 26.0}",P2/c,-2.038,0.004,0.661,FALSE,1052.715,70,FALSE,,4.036,monoclinic
mp-559091,SiO2,"{'Si': 1.0, 'O': 2.0}",P6322,-3.285,0.004,5.441,FALSE,195.323,12,FALSE,,2.043,hexagonal
mp-1017,Zr3O,"{'Zr': 3.0, 'O': 1.0}",P6322,-1.549,0.004,0,TRUE,145.624,8,FALSE,,6.606,hexagonal
mp-32662,WO3,"{'W': 1.0, 'O': 3.0}",P63cm,-2.185,0.004,1.469,TRUE,377.632,24,TRUE,,6.117,hexagonal
mp-1203069,WO3,"{'W': 1.0, 'O': 3.0}",P21/c,-2.185,0.004,1.621,FALSE,445.305,32,FALSE,,6.916,monoclinic
mp-1197857,WO3,"{'W': 1.0, 'O': 3.0}",P1,-2.185,0.004,1.669,FALSE,445.161,32,FALSE,,6.918,triclinic
mp-755021,ReO3,"{'Re': 1.0, 'O': 3.0}",R3c,-2.155,0.005,0,TRUE,108.762,8,TRUE,,7.151,trigonal
mp-1202223,WO3,"{'W': 1.0, 'O': 3.0}",P421m,-2.185,0.005,1.489,FALSE,591.545,40,FALSE,,6.508,tetragonal
mp-542814,SiO2,"{'Si': 1.0, 'O': 2.0}",P212121,-3.285,0.005,5.511,TRUE,1158.205,72,FALSE,,2.067,orthorhombic
mp-1237229,ReO3,"{'Re': 1.0, 'O': 3.0}",Im3,-2.155,0.005,0,FALSE,215.265,16,FALSE,,7.227,cubic
mp-32777,WO3,"{'W': 1.0, 'O': 3.0}",P63/mcm,-2.184,0.005,1.286,FALSE,377.314,24,TRUE,,6.122,hexagonal
mp-510604,Mn2O3,"{'Mn': 2.0, 'O': 3.0}",Ia3,-2.027,0.005,0,FALSE,444.496,40,FALSE,,4.718,cubic
mp-19094,VO2,"{'V': 1.0, 'O': 2.0}",P42/mnm,-2.486,0.005,0.885,TRUE,61.848,6,FALSE,,4.454,tetragonal
mp-8059,SiO2,"{'Si': 1.0, 'O': 2.0}",P213,-3.284,0.005,5.589,TRUE,379.489,24,FALSE,,2.103,cubic
mp-1235796,LiO8,"{'Li': 1.0, 'O': 8.0}",C2,-0.419,0.005,0,FALSE,100.565,9,TRUE,,2.228,monoclinic
mp-704645,CuO,"{'Cu': 1.0, 'O': 1.0}",C2/c,-0.95,0.005,0,FALSE,43.909,4,FALSE,,6.016,monoclinic
mp-634859,CaO2,"{'Ca': 1.0, 'O': 2.0}",I4/mmm,-2.212,0.005,2.733,TRUE,37.986,3,FALSE,,3.151,tetragonal
mp-556961,SiO2,"{'Si': 1.0, 'O': 2.0}",P212121,-3.284,0.005,5.48,FALSE,391.659,24,FALSE,,2.038,orthorhombic
mp-705411,WO3,"{'W': 1.0, 'O': 3.0}",P63cm,-2.184,0.005,1.433,TRUE,377.181,24,TRUE,,6.124,hexagonal
mp-2173,P2O5,"{'P': 2.0, 'O': 5.0}",Pnma,-2.456,0.005,4.837,TRUE,352.181,28,FALSE,,2.677,orthorhombic
mvc-5096,WO3,"{'W': 1.0, 'O': 3.0}",Pnma,-2.184,0.005,1.675,TRUE,220.884,16,TRUE,,6.972,orthorhombic
mp-756478,WO3,"{'W': 1.0, 'O': 3.0}",Im3,-2.184,0.005,1.399,TRUE,220.878,16,TRUE,,6.972,cubic
mp-557264,SiO2,"{'Si': 1.0, 'O': 2.0}",Cmc21,-3.284,0.005,5.433,TRUE,792.761,48,TRUE,,2.014,orthorhombic
mp-20741,ReO3,"{'Re': 1.0, 'O': 3.0}",Im3,-2.154,0.005,0,FALSE,217.839,16,FALSE,,7.141,cubic
mp-545665,WO3,"{'W': 1.0, 'O': 3.0}",P6/mmm,-2.184,0.006,1.147,FALSE,377.579,24,FALSE,,6.118,hexagonal
mp-1189857,MnO2,"{'Mn': 1.0, 'O': 2.0}",P42/m,-1.808,0.006,1.015,FALSE,269.068,18,FALSE,,3.219,tetragonal
mp-7868,PtO2,"{'Pt': 1.0, 'O': 2.0}",P63mc,-0.939,0.006,1.52,TRUE,81.809,6,FALSE,,9.219,hexagonal
mp-554151,SiO2,"{'Si': 1.0, 'O': 2.0}",I4,-3.284,0.006,5.717,TRUE,193.642,12,TRUE,,2.061,tetragonal
mp-1258196,SiO2,"{'Si': 1.0, 'O': 2.0}",P2,-3.284,0.006,5.653,FALSE,1905.006,102,TRUE,,1.781,monoclinic
mp-1191364,WO3,"{'W': 1.0, 'O': 3.0}",P63/mcm,-2.183,0.006,1.259,FALSE,376.169,24,TRUE,,6.14,hexagonal
mp-12205,Ti4O7,"{'Ti': 4.0, 'O': 7.0}",P1,-3.43,0.006,0,TRUE,475.452,44,FALSE,,4.239,triclinic
mp-617,PtO2,"{'Pt': 1.0, 'O': 2.0}",P3m1,-0.939,0.006,1.487,TRUE,40.992,3,FALSE,,9.199,trigonal
mp-560402,U3O8,"{'U': 3.0, 'O': 8.0}",Cmcm,-3.719,0.006,0.069,FALSE,341.036,22,FALSE,,8.2,orthorhombic
mp-557837,SiO2,"{'Si': 1.0, 'O': 2.0}",C2/c,-3.283,0.006,5.767,FALSE,179.503,12,TRUE,,2.223,monoclinic
mp-390,TiO2,"{'Ti': 1.0, 'O': 2.0}",I41/amd,-3.517,0.006,2.062,TRUE,70.437,6,FALSE,,3.766,tetragonal
mp-6945,SiO2,"{'Si': 1.0, 'O': 2.0}",P41212,-3.283,0.006,5.548,TRUE,175.686,12,FALSE,,2.272,tetragonal
mp-557812,Ti3O,"{'Ti': 3.0, 'O': 1.0}",P312,-1.571,0.006,0,TRUE,328.904,24,FALSE,,4.835,trigonal
mp-1194715,As2O3,"{'As': 2.0, 'O': 3.0}",P21/c,-1.643,0.006,3.474,FALSE,736.121,40,FALSE,,3.57,monoclinic
mp-1582,As2O3,"{'As': 2.0, 'O': 3.0}",P21/c,-1.643,0.007,3.955,TRUE,363.328,20,FALSE,,3.617,monoclinic
mp-547074,VO2,"{'V': 1.0, 'O': 2.0}",Pnnm,-2.484,0.007,0.872,FALSE,62.067,6,FALSE,,4.438,orthorhombic
mp-1205345,Sb2O3,"{'Sb': 2.0, 'O': 3.0}",P21/c,-1.764,0.007,2.546,FALSE,373.856,20,TRUE,,5.179,monoclinic
mp-19128,CoO,"{'Co': 1.0, 'O': 1.0}",P63mc,-1.327,0.007,0.712,TRUE,48.74,4,FALSE,,5.106,hexagonal
mp-1102412,CrO2,"{'Cr': 1.0, 'O': 2.0}",Pbcn,-2.032,0.007,0,FALSE,118.886,12,TRUE,,4.693,orthorhombic
mp-754670,V2O5,"{'V': 2.0, 'O': 5.0}",Pmmn,-2.299,0.007,2.411,TRUE,262.519,14,FALSE,,2.301,orthorhombic
mp-25280,V2O5,"{'V': 2.0, 'O': 5.0}",Pnma,-2.299,0.007,2.343,TRUE,405.711,28,TRUE,,2.978,orthorhombic
mp-1986,ZnO,"{'Zn': 1.0, 'O': 1.0}",F43m,-1.794,0.007,0.631,TRUE,24.818,2,FALSE,,5.447,cubic
mp-753629,Zr2O,"{'Zr': 2.0, 'O': 1.0}",P312,-2.004,0.007,0,TRUE,294.378,18,TRUE,,6.716,trigonal
mp-558247,Mo4O11,"{'Mo': 4.0, 'O': 11.0}",P21/c,-2.048,0.007,0.19,FALSE,971.08,60,FALSE,,3.829,monoclinic
mp-1778,BeO,"{'Be': 1.0, 'O': 1.0}",F43m,-3.118,0.007,6.851,TRUE,13.981,2,TRUE,,2.971,cubic
mp-559964,Ti6O11,"{'Ti': 6.0, 'O': 11.0}",C2/m,-3.46,0.007,0,TRUE,398.528,34,FALSE,,3.86,monoclinic
mp-285,Mo17O47,"{'Mo': 17.0, 'O': 47.0}",Pba2,-2.047,0.007,0,FALSE,1785.46,128,FALSE,,4.432,orthorhombic
mp-13119,CdO,"{'Cd': 1.0, 'O': 1.0}",P63mc,-1.379,0.007,0.008,TRUE,68.474,4,TRUE,,6.228,hexagonal
mp-20078,Pb2O3,"{'Pb': 2.0, 'O': 3.0}",P21/c,-1.417,0.007,1.031,TRUE,325.889,20,FALSE,,9.424,monoclinic
mp-1190699,CO2,"{'C': 1.0, 'O': 2.0}",R3c,-1.78,0.007,6.507,FALSE,381.957,24,FALSE,,1.531,trigonal
mp-649605,W25O73,"{'W': 25.0, 'O': 73.0}",P2/c,-2.172,0.007,0,FALSE,2839.331,196,FALSE,,6.742,monoclinic
mp-16964,SiO2,"{'Si': 1.0, 'O': 2.0}",Cmc21,-3.282,0.008,5.678,TRUE,636.793,36,FALSE,,1.88,orthorhombic
mp-555891,SiO2,"{'Si': 1.0, 'O': 2.0}",P21,-3.282,0.008,5.387,FALSE,200.423,12,FALSE,,1.991,monoclinic
mp-1188220,SiO2,"{'Si': 1.0, 'O': 2.0}",I43m,-3.282,0.008,5.449,FALSE,363.478,18,FALSE,,1.647,cubic
mp-10390,Ta2O5,"{'Ta': 2.0, 'O': 5.0}",C2/c,-3.352,0.008,1.232,TRUE,174.021,14,FALSE,,8.433,monoclinic
mp-556654,SiO2,"{'Si': 1.0, 'O': 2.0}",P21/c,-3.282,0.008,5.606,TRUE,1216.002,72,FALSE,,1.969,monoclinic
mp-541846,P4O9,"{'P': 4.0, 'O': 9.0}",R3c,-2.378,0.008,5.569,TRUE,766.487,52,FALSE,,2.321,trigonal
mp-651707,SiO2,"{'Si': 1.0, 'O': 2.0}",C2/c,-3.281,0.008,5.696,TRUE,1512.631,84,FALSE,,1.847,monoclinic
mp-27732,W10O29,"{'W': 10.0, 'O': 29.0}",P2/m,-2.17,0.008,0,FALSE,1131.328,78,FALSE,,6.759,monoclinic
mp-557933,SiO2,"{'Si': 1.0, 'O': 2.0}",Imma,-3.281,0.008,5.525,TRUE,1274.128,72,FALSE,,1.879,orthorhombic
mp-30544,Mo5O14,"{'Mo': 5.0, 'O': 14.0}",P21/c,-2.043,0.008,0,FALSE,1202.779,76,FALSE,,3.886,monoclinic
mp-556218,SiO2,"{'Si': 1.0, 'O': 2.0}",Cmc21,-3.281,0.008,5.891,FALSE,648.401,36,FALSE,,1.846,orthorhombic
mp-559550,SiO2,"{'Si': 1.0, 'O': 2.0}",R3,-3.281,0.008,5.599,TRUE,328.266,18,FALSE,,1.824,trigonal
mp-556454,SiO2,"{'Si': 1.0, 'O': 2.0}",C222,-3.281,0.008,5.565,TRUE,896.623,48,FALSE,,1.78,orthorhombic
mp-748,Ti5O9,"{'Ti': 5.0, 'O': 9.0}",P1,-3.446,0.008,0,TRUE,302.465,28,FALSE,,4.209,triclinic
mp-1250639,SiO2,"{'Si': 1.0, 'O': 2.0}",R3,-3.281,0.008,5.668,FALSE,6978.669,360,TRUE,,1.716,trigonal
mp-1235877,LiO8,"{'Li': 1.0, 'O': 8.0}",C2/m,-0.415,0.008,0,FALSE,98.461,9,TRUE,,2.276,monoclinic
mp-600033,SiO2,"{'Si': 1.0, 'O': 2.0}",Im3m,-3.281,0.008,5.429,FALSE,730.507,36,TRUE,,1.639,cubic
mp-28777,Mo9O25,"{'Mo': 9.0, 'O': 25.0}",P2/c,-2.045,0.008,0,FALSE,1086.841,68,FALSE,,3.861,monoclinic
mp-18280,SiO2,"{'Si': 1.0, 'O': 2.0}",C2/m,-3.281,0.008,5.661,FALSE,721.773,36,FALSE,,1.659,monoclinic
mp-558115,SiO2,"{'Si': 1.0, 'O': 2.0}",R3,-3.281,0.008,5.622,TRUE,2347.134,120,FALSE,,1.7,trigonal
mp-8057,Ti3O5,"{'Ti': 3.0, 'O': 5.0}",Cmcm,-3.394,0.008,0,TRUE,189.175,16,FALSE,,3.925,orthorhombic
mp-1478,Cu4O3,"{'Cu': 4.0, 'O': 3.0}",I41/amd,-0.816,0.008,0,TRUE,171.539,14,FALSE,,5.85,tetragonal
mp-555700,SiO2,"{'Si': 1.0, 'O': 2.0}",I41/amd,-3.281,0.008,5.484,TRUE,883.183,48,TRUE,,1.808,tetragonal
mp-504769,N2O5,"{'N': 2.0, 'O': 5.0}",P63/mmc,-0.734,0.008,0.664,TRUE,178.375,14,FALSE,,2.011,hexagonal
mp-639512,SiO2,"{'Si': 1.0, 'O': 2.0}",Pm3n,-3.281,0.008,5.616,TRUE,2613.725,138,TRUE,,1.756,cubic
mp-760432,Cu2O3,"{'Cu': 2.0, 'O': 3.0}",Fdd2,-0.838,0.009,0.131,TRUE,104.613,10,TRUE,,5.558,orthorhombic
mp-558947,SiO2,"{'Si': 1.0, 'O': 2.0}",P4/nmm,-3.281,0.009,5.649,TRUE,2882.118,144,TRUE,,1.662,tetragonal
mp-755235,V2O5,"{'V': 2.0, 'O': 5.0}",Pnma,-2.297,0.009,2.516,TRUE,511.871,28,TRUE,,2.36,orthorhombic
mp-554258,SiO2,"{'Si': 1.0, 'O': 2.0}",I4/mcm,-3.281,0.009,5.444,TRUE,907.581,48,TRUE,,1.759,tetragonal
mp-1238961,Ta2O5,"{'Ta': 2.0, 'O': 5.0}",P2/m,-3.351,0.009,2.329,FALSE,98.003,7,TRUE,,7.487,monoclinic
mp-600003,SiO2,"{'Si': 1.0, 'O': 2.0}",I4/mmm,-3.28,0.009,5.46,TRUE,912.509,48,TRUE,,1.749,tetragonal
mp-1999,Sb2O3,"{'Sb': 2.0, 'O': 3.0}",Fd3m,-1.762,0.009,3.346,TRUE,379.338,20,FALSE,,5.104,cubic
mp-754585,V2O5,"{'V': 2.0, 'O': 5.0}",Fdd2,-2.297,0.009,2.754,TRUE,282.25,14,TRUE,,2.14,orthorhombic
mp-7648,SiO2,"{'Si': 1.0, 'O': 2.0}",C2221,-3.28,0.009,5.377,FALSE,203.809,12,FALSE,,1.958,orthorhombic
mp-2669,Mo8O23,"{'Mo': 8.0, 'O': 23.0}",P2/c,-2.035,0.009,0.115,FALSE,929.5,62,FALSE,,4.057,monoclinic
mp-559313,SiO2,"{'Si': 1.0, 'O': 2.0}",Cmce,-3.28,0.009,5.366,FALSE,426.174,24,TRUE,,1.873,orthorhombic
mp-555556,SiO2,"{'Si': 1.0, 'O': 2.0}",P42/mbc,-3.28,0.009,5.614,TRUE,831.738,48,TRUE,,1.919,tetragonal
mp-554243,SiO2,"{'Si': 1.0, 'O': 2.0}",P6522,-3.28,0.009,5.623,FALSE,331.033,18,TRUE,,1.808,hexagonal
mp-1200292,SiO2,"{'Si': 1.0, 'O': 2.0}",P21/c,-3.28,0.009,5.708,FALSE,5639.844,288,FALSE,,1.698,monoclinic
mp-559360,SiO2,"{'Si': 1.0, 'O': 2.0}",P21/m,-3.28,0.009,5.664,TRUE,1430.322,72,TRUE,,1.674,monoclinic
mp-715262,FeO,"{'Fe': 1.0, 'O': 1.0}",I4/mmm,-1.673,0.009,0,FALSE,42.78,4,TRUE,,5.577,tetragonal
mp-1179089,SrO2,"{'Sr': 1.0, 'O': 2.0}",Pnma,-2.202,0.009,2.786,FALSE,198.911,12,FALSE,,3.994,orthorhombic
mp-662706,SiO2,"{'Si': 1.0, 'O': 2.0}",C2/m,-3.28,0.009,5.537,TRUE,1579.001,84,TRUE,,1.769,monoclinic
mp-560708,SiO2,"{'Si': 1.0, 'O': 2.0}",P2/m,-3.28,0.009,5.632,TRUE,1577.865,84,TRUE,,1.771,monoclinic
mp-7048,Al2O3,"{'Al': 2.0, 'O': 3.0}",C2/m,-3.437,0.009,4.457,TRUE,96.475,10,FALSE,,3.51,monoclinic
mp-775757,HfO2,"{'Hf': 1.0, 'O': 2.0}",Pbca,-4.034,0.01,4.017,TRUE,279.234,24,TRUE,,10.014,orthorhombic
mp-2184,As2O3,"{'As': 2.0, 'O': 3.0}",Fd3m,-1.64,0.01,4.008,TRUE,398.766,20,FALSE,,3.295,cubic
mp-555521,SiO2,"{'Si': 1.0, 'O': 2.0}",I41/amd,-3.279,0.01,5.574,TRUE,1879.205,96,FALSE,,1.699,tetragonal
mp-985570,SiO2,"{'Si': 1.0, 'O': 2.0}",P21/c,-3.279,0.01,5.599,TRUE,352.938,24,TRUE,,2.262,monoclinic
mp-1195265,SiO2,"{'Si': 1.0, 'O': 2.0}",Pnma,-3.279,0.01,5.71,FALSE,5688.603,288,FALSE,,1.684,orthorhombic
mp-554682,SiO2,"{'Si': 1.0, 'O': 2.0}",I4,-3.279,0.01,5.707,TRUE,2828.733,144,TRUE,,1.693,tetragonal
mp-776404,ZrO2,"{'Zr': 1.0, 'O': 2.0}",Pbca,-3.828,0.01,3.463,TRUE,293.838,24,TRUE,,5.571,orthorhombic
mp-560527,SiO2,"{'Si': 1.0, 'O': 2.0}",Cmcm,-3.279,0.01,5.391,TRUE,455.654,24,TRUE,,1.752,orthorhombic
mp-667373,SiO2,"{'Si': 1.0, 'O': 2.0}",Pmna,-3.279,0.01,5.578,FALSE,3150.491,168,TRUE,,1.773,orthorhombic
mvc-14941,MoO3,"{'Mo': 1.0, 'O': 3.0}",P1,-2.019,0.01,2.001,FALSE,228.856,16,TRUE,,4.178,triclinic
mp-639463,SiO2,"{'Si': 1.0, 'O': 2.0}",Pmma,-3.279,0.01,5.393,TRUE,324.538,18,TRUE,,1.845,orthorhombic
mp-752989,Ti8O13,"{'Ti': 8.0, 'O': 13.0}",R3,-3.374,0.01,0.155,TRUE,246.903,21,TRUE,,3.974,trigonal
mp-1179454,SiO2,"{'Si': 1.0, 'O': 2.0}",I4/mmm,-3.279,0.01,5.339,FALSE,429.395,24,TRUE,,1.859,tetragonal
mp-715557,W3O8,"{'W': 3.0, 'O': 8.0}",Cm,-2.138,0.01,0.734,TRUE,269.145,22,TRUE,,8.385,monoclinic
mp-25288,V2O5,"{'V': 2.0, 'O': 5.0}",Pnma,-2.295,0.01,2.33,TRUE,380.641,28,FALSE,,3.174,orthorhombic
mp-12787,SiO2,"{'Si': 1.0, 'O': 2.0}",C2/c,-3.279,0.01,5.622,TRUE,246.625,18,FALSE,,2.427,monoclinic
mp-560882,SeO2,"{'Se': 1.0, 'O': 2.0}",Pmc21,-1.162,0.01,3.42,TRUE,193.02,12,FALSE,,3.818,orthorhombic
mp-600000,SiO2,"{'Si': 1.0, 'O': 2.0}",Imma,-3.279,0.01,5.412,FALSE,463.23,24,TRUE,,1.723,orthorhombic
mp-778252,V5O12,"{'V': 5.0, 'O': 12.0}",P21/c,-2.338,0.01,1.08,FALSE,1042.323,68,TRUE,,2.847,monoclinic
mp-8602,SiO2,"{'Si': 1.0, 'O': 2.0}",P6/mmm,-3.279,0.01,5.53,TRUE,2025.558,102,FALSE,,1.675,hexagonal
mp-556480,Ti3O5,"{'Ti': 3.0, 'O': 5.0}",C2/m,-3.392,0.01,0,FALSE,187.728,16,FALSE,,3.956,monoclinic
mp-7000,SiO2,"{'Si': 1.0, 'O': 2.0}",P3121,-3.279,0.01,5.721,FALSE,120.336,9,FALSE,,2.487,trigonal
mp-560809,SiO2,"{'Si': 1.0, 'O': 2.0}",Cmcm,-3.279,0.01,5.448,TRUE,1323.823,72,FALSE,,1.809,orthorhombic
mp-554946,SiO2,"{'Si': 1.0, 'O': 2.0}",Imm2,-3.279,0.011,5.719,FALSE,2803.111,144,TRUE,,1.708,orthorhombic
mp-560998,SiO2,"{'Si': 1.0, 'O': 2.0}",Cmmm,-3.278,0.011,5.577,TRUE,1040.464,54,FALSE,,1.726,orthorhombic
mp-530546,SiO2,"{'Si': 1.0, 'O': 2.0}",P6/m,-3.278,0.011,5.561,TRUE,3291.458,162,TRUE,,1.637,hexagonal
mp-555211,SiO2,"{'Si': 1.0, 'O': 2.0}",I4/mmm,-3.278,0.011,5.621,TRUE,1056.306,48,TRUE,,1.511,tetragonal
mp-600060,SiO2,"{'Si': 1.0, 'O': 2.0}",Pnma,-3.278,0.011,5.683,TRUE,2768.784,144,TRUE,,1.73,orthorhombic
mp-30524,Ti6O11,"{'Ti': 6.0, 'O': 11.0}",P1,-3.456,0.011,0,FALSE,1104.061,102,FALSE,,4.18,triclinic
mp-600016,SiO2,"{'Si': 1.0, 'O': 2.0}",I41/amd,-3.278,0.011,5.65,TRUE,998.185,48,TRUE,,1.599,tetragonal
mp-558326,SiO2,"{'Si': 1.0, 'O': 2.0}",Imma,-3.278,0.011,5.587,TRUE,2052.351,108,FALSE,,1.75,orthorhombic
mp-667371,SiO2,"{'Si': 1.0, 'O': 2.0}",Pbcm,-3.278,0.011,5.639,FALSE,3069.414,168,TRUE,,1.82,orthorhombic
mp-532105,SiO2,"{'Si': 1.0, 'O': 2.0}",P6/mmm,-3.278,0.011,5.558,FALSE,3340.515,162,TRUE,,1.613,hexagonal
mp-667376,SiO2,"{'Si': 1.0, 'O': 2.0}",Cmce,-3.278,0.011,5.582,FALSE,3108.729,168,TRUE,,1.797,orthorhombic
mp-540855,Rb6O,"{'Rb': 6.0, 'O': 1.0}",P63/m,-0.487,0.011,0,TRUE,1911.501,28,FALSE,,1.838,hexagonal
mp-2739,TeO2,"{'Te': 1.0, 'O': 2.0}",P43212,-1.503,0.011,2.814,FALSE,188.278,12,FALSE,,5.63,tetragonal
mp-1195383,As2O3,"{'As': 2.0, 'O': 3.0}",P21/c,-1.638,0.011,3.393,FALSE,2123.536,120,FALSE,,3.713,monoclinic
mp-557,TeO2,"{'Te': 1.0, 'O': 2.0}",P41212,-1.503,0.011,2.813,TRUE,188.094,12,FALSE,,5.636,tetragonal
mp-560941,SiO2,"{'Si': 1.0, 'O': 2.0}",Cmcm,-3.278,0.011,5.771,TRUE,2048.119,96,FALSE,,1.559,orthorhombic
mp-557211,SiO2,"{'Si': 1.0, 'O': 2.0}",P63/mcm,-3.278,0.011,5.554,TRUE,1486.166,72,TRUE,,1.611,hexagonal
mp-540786,Mo4O11,"{'Mo': 4.0, 'O': 11.0}",Pnma,-2.044,0.011,0.089,FALSE,968.261,60,FALSE,,3.84,orthorhombic
mp-600098,SiO2,"{'Si': 1.0, 'O': 2.0}",Cmcm,-3.278,0.011,5.753,FALSE,3992.922,192,TRUE,,1.599,orthorhombic
mp-600015,SiO2,"{'Si': 1.0, 'O': 2.0}",P4/nmm,-3.278,0.011,5.601,TRUE,1452.84,72,TRUE,,1.648,tetragonal
mp-600029,SiO2,"{'Si': 1.0, 'O': 2.0}",Cmcm,-3.278,0.011,5.425,TRUE,1300.676,72,TRUE,,1.841,orthorhombic
mp-553945,SiO2,"{'Si': 1.0, 'O': 2.0}",Pmn21,-3.278,0.011,5.601,TRUE,1869.181,96,FALSE,,1.708,orthorhombic
mp-23170,IO2,"{'I': 1.0, 'O': 2.0}",P21/c,-0.713,0.011,1.443,TRUE,425.574,24,FALSE,,4.96,monoclinic
mp-555251,SiO2,"{'Si': 1.0, 'O': 2.0}",Ima2,-3.278,0.011,5.636,TRUE,215.8,12,TRUE,,1.849,orthorhombic
mp-560920,SiO2,"{'Si': 1.0, 'O': 2.0}",Cmcm,-3.278,0.011,5.611,TRUE,1955.293,96,FALSE,,1.633,orthorhombic
mp-639724,SiO2,"{'Si': 1.0, 'O': 2.0}",Cmcm,-3.278,0.011,5.671,FALSE,1997.448,96,TRUE,,1.598,orthorhombic
mp-882,Ti6O,"{'Ti': 6.0, 'O': 1.0}",P31m,-0.908,0.011,0,TRUE,215.091,14,FALSE,,4.682,trigonal
mp-600018,SiO2,"{'Si': 1.0, 'O': 2.0}",Cmme,-3.278,0.011,5.448,TRUE,1289.138,72,TRUE,,1.857,orthorhombic
mp-1250551,SiO2,"{'Si': 1.0, 'O': 2.0}",Cmce,-3.278,0.011,5.689,FALSE,6193.296,336,TRUE,,1.804,orthorhombic
mp-7087,SiO2,"{'Si': 1.0, 'O': 2.0}",P63/mmc,-3.278,0.011,5.365,TRUE,207.626,12,FALSE,,1.922,hexagonal
mp-669426,SiO2,"{'Si': 1.0, 'O': 2.0}",P21/c,-3.278,0.011,5.618,TRUE,339.862,24,FALSE,,2.349,monoclinic
mp-8377,TeO2,"{'Te': 1.0, 'O': 2.0}",P212121,-1.502,0.011,2.894,TRUE,200.972,12,FALSE,,5.275,orthorhombic
mp-15078,SiO2,"{'Si': 1.0, 'O': 2.0}",Immm,-3.278,0.012,5.635,TRUE,2078.52,108,FALSE,,1.728,orthorhombic
mp-558025,SiO2,"{'Si': 1.0, 'O': 2.0}",Pnnm,-3.278,0.012,5.671,TRUE,2030.321,108,FALSE,,1.769,orthorhombic
mp-600004,SiO2,"{'Si': 1.0, 'O': 2.0}",Cmcm,-3.278,0.012,5.43,TRUE,653.513,36,TRUE,,1.832,orthorhombic
mp-600027,SiO2,"{'Si': 1.0, 'O': 2.0}",Cmcm,-3.278,0.012,5.523,TRUE,1525.365,72,TRUE,,1.57,orthorhombic
mp-556469,SiO2,"{'Si': 1.0, 'O': 2.0}",P1,-3.278,0.012,5.696,TRUE,948.409,48,FALSE,,1.683,triclinic
mp-639511,SiO2,"{'Si': 1.0, 'O': 2.0}",I4/mmm,-3.278,0.012,5.651,TRUE,2000.619,96,TRUE,,1.596,tetragonal
mp-755671,MnO2,"{'Mn': 1.0, 'O': 2.0}",R3m,-1.802,0.012,1.597,TRUE,75.426,6,TRUE,,3.828,trigonal
mp-18937,V2O3,"{'V': 2.0, 'O': 3.0}",R3c,-2.526,0.012,0.489,TRUE,107.194,10,FALSE,,4.644,trigonal
mp-558891,SiO2,"{'Si': 1.0, 'O': 2.0}",Ia3d,-3.277,0.012,5.65,TRUE,535.15,36,TRUE,,2.237,cubic
mp-17909,SiO2,"{'Si': 1.0, 'O': 2.0}",R3m,-3.277,0.012,5.731,TRUE,811.026,36,FALSE,,1.476,trigonal
mp-1249332,SiO2,"{'Si': 1.0, 'O': 2.0}",P63/mmc,-3.277,0.012,5.666,FALSE,2290.82,108,TRUE,,1.568,hexagonal
mp-555487,SnO2,"{'Sn': 1.0, 'O': 2.0}",Pbcn,-2.118,0.012,0.838,TRUE,450.694,36,FALSE,,6.663,orthorhombic
mp-600052,SiO2,"{'Si': 1.0, 'O': 2.0}",Cmcm,-3.277,0.012,5.5,TRUE,2132.928,120,TRUE,,1.871,orthorhombic
mp-6930,SiO2,"{'Si': 1.0, 'O': 2.0}",P3221,-3.277,0.012,5.709,FALSE,117.925,9,FALSE,,2.538,trigonal
mp-7599,BeO,"{'Be': 1.0, 'O': 1.0}",P42/mnm,-3.113,0.012,7.084,TRUE,58.198,8,FALSE,,2.855,tetragonal
mp-560826,SiO2,"{'Si': 1.0, 'O': 2.0}",Cmcm,-3.277,0.012,5.424,FALSE,666.94,36,FALSE,,1.795,orthorhombic
mp-760075,Ti19O30,"{'Ti': 19.0, 'O': 30.0}",P1,-3.35,0.012,0,TRUE,526.918,49,TRUE,,4.379,triclinic
mp-600063,SiO2,"{'Si': 1.0, 'O': 2.0}",Cmcm,-3.277,0.012,5.697,TRUE,2883.846,144,TRUE,,1.661,orthorhombic
mp-542334,V5O9,"{'V': 5.0, 'O': 9.0}",P1,-2.497,0.012,0.506,TRUE,601.01,56,FALSE,,4.406,triclinic
mvc-12823,MnO2,"{'Mn': 1.0, 'O': 2.0}",R3m,-1.802,0.012,1.926,FALSE,51.62,3,TRUE,,2.797,trigonal
mp-8352,SiO2,"{'Si': 1.0, 'O': 2.0}",Fd3m,-3.277,0.012,5.365,TRUE,103.827,6,FALSE,,1.922,cubic
mp-556566,V8O15,"{'V': 8.0, 'O': 15.0}",P1,-2.49,0.012,0.652,TRUE,486.386,46,FALSE,,4.421,triclinic
mp-561351,SiO2,"{'Si': 1.0, 'O': 2.0}",Pmmn,-3.277,0.012,5.451,TRUE,1331.027,72,FALSE,,1.799,orthorhombic
mp-646895,SiO2,"{'Si': 1.0, 'O': 2.0}",C2/c,-3.277,0.012,5.704,FALSE,1900.514,96,FALSE,,1.68,monoclinic
mp-600031,SiO2,"{'Si': 1.0, 'O': 2.0}",Imma,-3.277,0.012,5.657,FALSE,2135.895,120,TRUE,,1.868,orthorhombic
mp-558351,SiO2,"{'Si': 1.0, 'O': 2.0}",C2/m,-3.277,0.012,5.513,FALSE,696.597,36,FALSE,,1.719,monoclinic
mp-10851,SiO2,"{'Si': 1.0, 'O': 2.0}",P6422,-3.277,0.013,5.532,FALSE,126.213,9,FALSE,,2.372,hexagonal
mp-600032,SiO2,"{'Si': 1.0, 'O': 2.0}",Cmcm,-3.277,0.013,5.716,TRUE,3261.346,144,TRUE,,1.468,orthorhombic
mp-6922,SiO2,"{'Si': 1.0, 'O': 2.0}",P6222,-3.277,0.013,5.531,TRUE,126.234,9,FALSE,,2.371,hexagonal
mp-560336,SiO2,"{'Si': 1.0, 'O': 2.0}",Imma,-3.277,0.013,5.575,TRUE,1943.832,96,FALSE,,1.642,orthorhombic
mp-556724,Ti7O13,"{'Ti': 7.0, 'O': 13.0}",P1,-3.463,0.013,0,FALSE,432.159,40,FALSE,,4.173,triclinic
mp-759920,Ti5O8,"{'Ti': 5.0, 'O': 8.0}",P1,-3.36,0.013,0,FALSE,419.907,39,TRUE,,4.358,triclinic
mp-561224,TeO2,"{'Te': 1.0, 'O': 2.0}",P212121,-1.501,0.013,2.809,FALSE,188.779,12,FALSE,,5.615,orthorhombic
mp-656852,Ti13O22,"{'Ti': 13.0, 'O': 22.0}",Cmce,-3.401,0.013,0,TRUE,830.183,70,TRUE,,3.897,orthorhombic
mp-600091,SiO2,"{'Si': 1.0, 'O': 2.0}",Imm2,-3.276,0.013,5.697,FALSE,2104.776,108,TRUE,,1.707,orthorhombic
mp-562613,P2O5,"{'P': 2.0, 'O': 5.0}",R3c,-2.449,0.013,5.534,TRUE,444.529,28,FALSE,,2.121,trigonal
mp-680204,SiO2,"{'Si': 1.0, 'O': 2.0}",C2/m,-3.276,0.013,5.605,TRUE,1129.34,66,FALSE,,1.944,monoclinic
mp-554543,SiO2,"{'Si': 1.0, 'O': 2.0}",I4/mcm,-3.276,0.013,5.44,TRUE,448.192,24,TRUE,,1.781,tetragonal
mp-557881,SiO2,"{'Si': 1.0, 'O': 2.0}",Cm,-3.276,0.013,5.523,FALSE,694.694,36,FALSE,,1.723,monoclinic
mp-559872,SiO2,"{'Si': 1.0, 'O': 2.0}",P43212,-3.276,0.013,5.604,TRUE,506.153,36,FALSE,,2.365,tetragonal
mp-639741,SiO2,"{'Si': 1.0, 'O': 2.0}",Im3m,-3.276,0.013,5.664,TRUE,3402.596,144,TRUE,,1.407,cubic
mp-600084,SiO2,"{'Si': 1.0, 'O': 2.0}",Ibam,-3.276,0.013,5.549,TRUE,3466.153,192,TRUE,,1.842,orthorhombic
mp-600072,SiO2,"{'Si': 1.0, 'O': 2.0}",P4/nmm,-3.276,0.013,5.842,FALSE,3242.788,144,TRUE,,1.477,tetragonal
mp-667377,SiO2,"{'Si': 1.0, 'O': 2.0}",Cmce,-3.276,0.013,5.576,FALSE,3106.947,168,TRUE,,1.798,orthorhombic
mp-25233,V2O5,"{'V': 2.0, 'O': 5.0}",Cmcm,-2.293,0.013,2.425,TRUE,215.235,14,TRUE,,2.806,orthorhombic
mp-559545,SeO2,"{'Se': 1.0, 'O': 2.0}",Pmc21,-1.159,0.013,3.428,TRUE,392.309,24,FALSE,,3.757,orthorhombic
mvc-11561,MnO2,"{'Mn': 1.0, 'O': 2.0}",P63/mmc,-1.801,0.013,1.686,FALSE,314.195,24,TRUE,,3.676,hexagonal
mp-600007,SiO2,"{'Si': 1.0, 'O': 2.0}",Pmma,-3.276,0.013,5.607,TRUE,718.522,36,TRUE,,1.666,orthorhombic
mp-715514,V2O3,"{'V': 2.0, 'O': 3.0}",C2/c,-2.525,0.013,0.563,FALSE,107.392,10,FALSE,,4.635,monoclinic
mp-667368,SiO2,"{'Si': 1.0, 'O': 2.0}",Immm,-3.276,0.013,5.629,TRUE,1949.868,96,FALSE,,1.637,orthorhombic
mp-600041,SiO2,"{'Si': 1.0, 'O': 2.0}",Cmce,-3.276,0.013,5.465,TRUE,1814.325,96,TRUE,,1.76,orthorhombic
mp-600014,SiO2,"{'Si': 1.0, 'O': 2.0}",Pnma,-3.276,0.013,5.729,TRUE,1350.553,72,TRUE,,1.773,orthorhombic
mp-639506,SiO2,"{'Si': 1.0, 'O': 2.0}",I212121,-3.276,0.013,5.655,TRUE,1327.155,72,TRUE,,1.804,orthorhombic
mp-600055,SiO2,"{'Si': 1.0, 'O': 2.0}",Amm2,-3.276,0.013,5.638,FALSE,3289.617,168,TRUE,,1.698,orthorhombic
mp-1249637,SiO2,"{'Si': 1.0, 'O': 2.0}",C2/m,-3.276,0.013,5.705,FALSE,3652.882,168,TRUE,,1.53,monoclinic
mp-600059,SiO2,"{'Si': 1.0, 'O': 2.0}",P4,-3.276,0.013,5.711,TRUE,867.891,51,TRUE,,1.954,tetragonal
mp-600028,SiO2,"{'Si': 1.0, 'O': 2.0}",Ia3d,-3.276,0.014,5.586,TRUE,2548.347,144,TRUE,,1.879,cubic
mp-705753,Fe38O39,"{'Fe': 38.0, 'O': 39.0}",P1,-1.683,0.014,1.391,FALSE,817.943,77,TRUE,,5.575,triclinic
mp-600083,SiO2,"{'Si': 1.0, 'O': 2.0}",Pmmn,-3.276,0.014,5.704,FALSE,3640.237,180,TRUE,,1.644,orthorhombic
mp-600071,SiO2,"{'Si': 1.0, 'O': 2.0}",Fmm2,-3.276,0.014,5.499,TRUE,2732.64,144,TRUE,,1.753,orthorhombic
mp-760323,Ce5O9,"{'Ce': 5.0, 'O': 9.0}",I4,-3.943,0.014,0,TRUE,210.853,14,TRUE,,6.651,tetragonal
mp-557004,SiO2,"{'Si': 1.0, 'O': 2.0}",P1,-3.275,0.014,5.581,TRUE,680.992,36,TRUE,,1.758,triclinic
mp-1250261,SiO2,"{'Si': 1.0, 'O': 2.0}",P6m2,-3.275,0.014,5.665,FALSE,1144.165,54,TRUE,,1.57,hexagonal
mp-1268079,SiO2,"{'Si': 1.0, 'O': 2.0}",P21/c,-3.275,0.014,5.674,FALSE,3976.455,192,TRUE,,1.606,monoclinic
mp-639734,SiO2,"{'Si': 1.0, 'O': 2.0}",I4/mmm,-3.275,0.014,5.451,FALSE,1842.122,96,TRUE,,1.733,tetragonal
mp-776890,Rb2O,"{'Rb': 2.0, 'O': 1.0}",Pbca,-1.107,0.014,0.938,TRUE,657.137,24,TRUE,,3.779,orthorhombic
mp-25234,CoO2,"{'Co': 1.0, 'O': 2.0}",R3m,-1.128,0.014,1.225,TRUE,66.423,6,TRUE,,4.547,trigonal
mp-1256614,SiO2,"{'Si': 1.0, 'O': 2.0}",P63/mmc,-3.275,0.014,5.76,FALSE,2182.475,108,TRUE,,1.646,hexagonal
mp-600023,SiO2,"{'Si': 1.0, 'O': 2.0}",Fm3m,-3.275,0.014,5.488,TRUE,2568.063,120,TRUE,,1.554,cubic
mp-560064,SiO2,"{'Si': 1.0, 'O': 2.0}",C2/c,-3.275,0.014,5.732,TRUE,2137.655,96,FALSE,,1.494,monoclinic
mp-600051,SiO2,"{'Si': 1.0, 'O': 2.0}",Cmce,-3.275,0.014,5.571,TRUE,2700.917,144,TRUE,,1.773,orthorhombic
mp-1470,Nb12O29,"{'Nb': 12.0, 'O': 29.0}",Cmcm,-3.054,0.014,0,FALSE,1205.723,82,FALSE,,4.349,orthorhombic
mp-27151,V7O13,"{'V': 7.0, 'O': 13.0}",P1,-2.489,0.015,0.505,TRUE,426.21,40,FALSE,,4.399,triclinic
mp-27819,Ag3O,"{'Ag': 3.0, 'O': 1.0}",P31m,-0.236,0.015,0,TRUE,127.824,8,TRUE,,8.823,trigonal
mp-562065,PO2,"{'P': 1.0, 'O': 2.0}",C2/c,-2.283,0.015,4.568,TRUE,378.267,24,FALSE,,2.212,monoclinic
mp-565700,Ti8O15,"{'Ti': 8.0, 'O': 15.0}",P1,-3.467,0.015,0,FALSE,994.266,92,FALSE,,4.161,triclinic
mp-17279,SiO2,"{'Si': 1.0, 'O': 2.0}",C2/m,-3.274,0.015,5.715,TRUE,977.753,48,FALSE,,1.633,monoclinic
mp-556262,SiO2,"{'Si': 1.0, 'O': 2.0}",P1,-3.274,0.015,5.72,TRUE,965.031,48,FALSE,,1.654,triclinic
mp-561090,SiO2,"{'Si': 1.0, 'O': 2.0}",Fd3m,-3.274,0.015,5.551,TRUE,2004.677,102,FALSE,,1.692,cubic
mp-34688,TiO2,"{'Ti': 1.0, 'O': 2.0}",C2/c,-3.509,0.015,1.998,FALSE,69.812,6,TRUE,,3.799,monoclinic
mp-510554,Nb12O29,"{'Nb': 12.0, 'O': 29.0}",C2/m,-3.053,0.015,0.081,FALSE,602.394,41,FALSE,,4.352,monoclinic
mp-556754,Ti3O5,"{'Ti': 3.0, 'O': 5.0}",C2/c,-3.388,0.015,0,TRUE,173.605,16,FALSE,,4.277,monoclinic
mp-556591,SiO2,"{'Si': 1.0, 'O': 2.0}",Fmmm,-3.274,0.015,5.768,FALSE,1097.95,54,FALSE,,1.636,orthorhombic
mp-561181,SiO2,"{'Si': 1.0, 'O': 2.0}",Amm2,-3.274,0.015,5.613,TRUE,1851.069,84,FALSE,,1.509,orthorhombic
mp-562490,SiO2,"{'Si': 1.0, 'O': 2.0}",C2/c,-3.274,0.015,5.605,FALSE,211.722,12,TRUE,,1.885,monoclinic
mp-1179447,SiO2,"{'Si': 1.0, 'O': 2.0}",I41/amd,-3.274,0.015,5.622,FALSE,922.401,48,TRUE,,1.731,tetragonal
mp-667383,SiO2,"{'Si': 1.0, 'O': 2.0}",C2/m,-3.274,0.015,5.514,TRUE,1609.363,84,TRUE,,1.736,monoclinic
mp-972808,SiO2,"{'Si': 1.0, 'O': 2.0}",P21,-3.274,0.015,5.589,TRUE,173.485,12,TRUE,,2.3,monoclinic
mp-639478,SiO2,"{'Si': 1.0, 'O': 2.0}",Pm3m,-3.274,0.015,5.549,TRUE,1734.4,72,TRUE,,1.381,cubic
mp-600005,SiO2,"{'Si': 1.0, 'O': 2.0}",Im3m,-3.274,0.016,5.44,TRUE,992.536,48,TRUE,,1.608,cubic
mp-600045,SiO2,"{'Si': 1.0, 'O': 2.0}",Cmce,-3.274,0.016,5.424,TRUE,1850.445,96,TRUE,,1.725,orthorhombic
mp-32895,SiO2,"{'Si': 1.0, 'O': 2.0}",Fd3m,-3.274,0.016,5.787,TRUE,3694.263,144,FALSE,,1.296,cubic
mp-644923,SiO2,"{'Si': 1.0, 'O': 2.0}",I4m2,-3.274,0.016,5.693,FALSE,2752.056,144,FALSE,,1.74,tetragonal
mp-557894,SiO2,"{'Si': 1.0, 'O': 2.0}",P21/m,-3.274,0.016,5.718,TRUE,1940.842,96,FALSE,,1.645,monoclinic
mp-639695,SiO2,"{'Si': 1.0, 'O': 2.0}",Pmma,-3.273,0.016,5.606,FALSE,954.1,48,TRUE,,1.673,orthorhombic
mp-20725,PbO2,"{'Pb': 1.0, 'O': 2.0}",P42/mnm,-1.302,0.016,0.02,TRUE,87.307,6,FALSE,,9.099,tetragonal
mp-600061,SiO2,"{'Si': 1.0, 'O': 2.0}",Pmma,-3.273,0.016,5.612,TRUE,1392.904,72,TRUE,,1.719,orthorhombic
mp-1204057,SiO2,"{'Si': 1.0, 'O': 2.0}",P6/mmm,-3.273,0.016,5.652,FALSE,4596.025,216,FALSE,,1.563,hexagonal
mp-754403,ZrO2,"{'Zr': 1.0, 'O': 2.0}",I41/amd,-3.822,0.016,3.725,TRUE,89.02,6,TRUE,,4.597,tetragonal
mp-554267,SiO2,"{'Si': 1.0, 'O': 2.0}",I41/amd,-3.273,0.016,5.618,TRUE,851.401,48,FALSE,,1.875,tetragonal
mp-600111,SiO2,"{'Si': 1.0, 'O': 2.0}",Cmcm,-3.273,0.016,5.517,TRUE,3958.06,192,TRUE,,1.613,orthorhombic
mp-1249090,SiO2,"{'Si': 1.0, 'O': 2.0}",P63/m,-3.273,0.016,5.782,FALSE,2397.164,102,TRUE,,1.415,hexagonal
mp-653763,SiO2,"{'Si': 1.0, 'O': 2.0}",Cmme,-3.273,0.016,5.517,FALSE,3333.187,168,FALSE,,1.676,orthorhombic
mp-615993,SiO2,"{'Si': 1.0, 'O': 2.0}",C2/m,-3.273,0.016,5.47,TRUE,770.966,42,FALSE,,1.812,monoclinic
mp-600022,SiO2,"{'Si': 1.0, 'O': 2.0}",Pmmn,-3.273,0.016,5.866,FALSE,2167.868,96,TRUE,,1.473,orthorhombic
mp-27273,Ti9O17,"{'Ti': 9.0, 'O': 17.0}",P1,-3.47,0.016,0,TRUE,562.072,52,FALSE,,4.153,triclinic
mp-716052,Fe3O4,"{'Fe': 3.0, 'O': 4.0}",Pmna,-1.828,0.016,0,FALSE,312.638,28,TRUE,,4.919,orthorhombic
mp-600053,SiO2,"{'Si': 1.0, 'O': 2.0}",Pmmn,-3.273,0.017,5.522,TRUE,1690.724,84,TRUE,,1.652,orthorhombic
mp-32715,B36O5,"{'B': 36.0, 'O': 5.0}",P1,-0.675,0.017,2.335,TRUE,609.578,82,TRUE,,2.556,triclinic
mp-1101405,Rb2O,"{'Rb': 2.0, 'O': 1.0}",Pnnm,-1.104,0.017,0.353,FALSE,186.937,6,TRUE,,3.321,orthorhombic
